backbone,attribute,method,Acc,DPG,EOD,RBS,MaxSkew,NDKL,ABLE
ViT-B_32,gender,FairCLIP,0.974,0.948,0.0,0.5902,0.012,0.012,98.07
ViT-B_32,age,FairCLIP,0.462,0.531,0.198,0.447,0.198,0.068,59.1
ViT-B_32,race,FairCLIP,0.655,0.672,0.087,0.3238,0.167,0.076,73.84
ViT-B_16,gender,FairCLIP,0.979,0.958,0.0,0.5129,0.141,0.017,92.02
ViT-B_16,age,FairCLIP,0.549,0.585,0.143,0.5238,0.292,0.075,63.31
ViT-B_16,race,FairCLIP,0.75,0.754,0.069,0.4345,0.474,0.279,68.05
ViT-L_14,gender,FairCLIP,0.979,0.959,0.0,0.647,0.109,0.024,93.63
ViT-L_14,age,FairCLIP,0.58,0.574,0.132,0.4476,0.307,0.066,64.84
ViT-L_14,race,FairCLIP,0.666,0.684,0.093,0.2954,0.234,0.096,72.29
ViT-H_14,gender,FairCLIP,0.979,0.958,0.0,0.6165,0.257,0.033,86.38
ViT-H_14,age,FairCLIP,0.495,0.573,0.152,0.4587,0.262,0.064,60.26
ViT-H_14,race,FairCLIP,0.742,0.737,0.077,0.3529,0.248,0.074,76.08
