backbone,attribute,method,Acc,DPG,EOD,RBS,MaxSkew,NDKL,ABLE
ViT-B_32,gender,Baseline,0.944,0.888,0.0,0.1295,0.28,0.072,83.94
ViT-B_32,gender,FairCLIP,0.973,0.947,0.0,0.5469,0.029,0.012,97.23
ViT-B_32,age,Baseline,0.433,0.424,0.164,0.2248,2.021,0.177,20.29
ViT-B_32,age,FairCLIP,0.455,0.529,0.205,0.4487,0.181,0.072,58.92
ViT-B_32,race,Baseline,0.633,0.64,0.082,0.1996,0.774,0.17,53.36
ViT-B_32,race,FairCLIP,0.666,0.68,0.082,0.3154,0.214,0.066,72.97
ViT-B_16,gender,Baseline,0.931,0.866,0.0,0.13,0.188,0.044,87.69
ViT-B_16,gender,FairCLIP,0.979,0.958,0.0,0.5887,0.045,0.012,96.74
ViT-B_16,age,Baseline,0.355,0.46,0.154,0.2198,2.043,0.208,18.99
ViT-B_16,age,FairCLIP,0.521,0.548,0.168,0.4605,0.302,0.08,61.1
ViT-B_16,race,Baseline,0.616,0.624,0.083,0.199,0.984,0.157,46.52
ViT-B_16,race,FairCLIP,0.66,0.674,0.099,0.3002,0.34,0.093,68.52
ViT-L_14,gender,Baseline,0.949,0.901,0.0,0.1288,0.155,0.037,90.04
ViT-L_14,gender,FairCLIP,0.979,0.958,0.0,0.6117,0.09,0.027,94.54
ViT-L_14,age,Baseline,0.473,0.515,0.12,0.2048,2.077,0.18,19.81
ViT-L_14,age,FairCLIP,0.578,0.579,0.129,0.4444,0.298,0.058,64.98
ViT-L_14,race,Baseline,0.619,0.645,0.089,0.1808,0.573,0.157,58.99
ViT-L_14,race,FairCLIP,0.713,0.716,0.084,0.2908,0.1,0.06,79.76
ViT-H_14,gender,Baseline,0.966,0.933,0.0,0.1631,0.103,0.018,93.27
ViT-H_14,gender,FairCLIP,0.978,0.956,0.0,0.6191,0.056,0.017,96.13
ViT-H_14,age,Baseline,0.443,0.526,0.14,0.2567,1.928,0.154,21.9
ViT-H_14,age,FairCLIP,0.49,0.572,0.154,0.4573,0.192,0.056,61.51
ViT-H_14,race,Baseline,0.696,0.693,0.074,0.2267,0.483,0.104,65.42
ViT-H_14,race,FairCLIP,0.742,0.737,0.074,0.2888,0.132,0.066,80.35
