tag,TR@1,TR@5,TR@10,IR@1,IR@5,IR@10
fairclip_ViT-B_32_gender,11.7,55.6,66.8,11.1,39.3,51.8
fairclip_ViT-B_32_age,15.6,75.2,86.4,17.7,69.8,83.2
fairclip_ViT-B_32_race,5.8,28.8,39.5,7.1,28.5,41.4
fairclip_ViT-B_16_gender,5.5,27.8,34.7,0.7,3.1,7.5
fairclip_ViT-B_16_age,16.9,79.5,89.4,17.7,70.8,85.4
fairclip_ViT-B_16_race,5.5,27.6,37.9,6.7,25.5,35.6
fairclip_ViT-L_14_gender,10.4,46.9,58.9,0.4,2.0,3.4
fairclip_ViT-L_14_age,16.6,79.5,89.3,18.7,76.6,88.7
fairclip_ViT-L_14_race,5.8,29.5,39.0,8.9,30.9,42.6
baseline_ViT-B_32,16.9,78.4,89.3,18.6,77.4,89.4
baseline_ViT-B_16,16.7,81.5,91.1,18.8,78.9,91.7
baseline_ViT-L_14,17.1,82.1,90.7,18.7,80.4,91.5
frozen_plus_proj_test,16.9,78.4,89.3,18.6,77.4,89.4
baseline_ViT-H_14,18.4,89.1,95.6,19.2,87.3,96.0
