backbone,attribute,method,DPG,EOD,RBS
ViT-B/32,gender,Baseline,0.0315,0.0631,0.0168
ViT-B/32,gender,FairCLIP,0.0099,0.0198,0.0002
ViT-B/32,age,Baseline,0.0817,0.1635,0.0594
ViT-B/32,age,FairCLIP,0.0278,0.0557,0.0034
ViT-B/32,race,Baseline,0.0417,0.0834,0.0411
ViT-B/32,race,FairCLIP,0.0158,0.0316,0.0009
ViT-B/16,gender,Baseline,0.0237,0.0474,0.017
ViT-B/16,gender,FairCLIP,0.0096,0.0192,0.0001
ViT-B/16,age,Baseline,0.0791,0.1581,0.0561
ViT-B/16,age,FairCLIP,0.0335,0.0671,0.0034
ViT-B/16,race,Baseline,0.0463,0.0926,0.0408
ViT-B/16,race,FairCLIP,0.0182,0.0363,0.001
ViT-L/14,gender,Baseline,0.0184,0.0368,0.0166
ViT-L/14,gender,FairCLIP,0.0063,0.0126,0.0001
ViT-L/14,age,Baseline,0.0683,0.1365,0.0492
ViT-L/14,age,FairCLIP,0.0322,0.0645,0.0034
ViT-L/14,race,Baseline,0.0364,0.0728,0.0334
ViT-L/14,race,FairCLIP,0.0173,0.0347,0.0011
ViT-H/14,gender,Baseline,0.0166,0.0331,0.0267
ViT-H/14,gender,FairCLIP,0.0071,0.0143,0.0001
ViT-H/14,age,Baseline,0.0744,0.1488,0.0783
ViT-H/14,age,FairCLIP,0.0348,0.0697,0.0038
ViT-H/14,race,Baseline,0.0352,0.0704,0.053
ViT-H/14,race,FairCLIP,0.0185,0.0369,0.001
