Attribute,Seed,Acc,F1,DPG,EOD,RBS,TR@5,IR@5,MaxSkew,NDKL
gender,42,0.973,0.9863,0.0108,0.0108,0.2607,100.0,100.0,0.067,0.015
gender,123,0.9727,0.9862,0.0,0.0,0.2441,100.0,100.0,0.053,0.018
gender,456,0.9733,0.9865,0.0039,0.0039,0.2887,100.0,100.0,0.039,0.01
age,42,0.5749,0.7301,0.3954,0.3954,0.154,55.56,44.44,0.27,0.066
age,123,0.5808,0.7348,0.4671,0.4671,0.1581,66.67,66.67,0.283,0.074
age,456,0.5755,0.7306,0.4509,0.4509,0.1559,55.56,55.56,0.343,0.084
race,42,0.7479,0.8557,0.302,0.302,0.103,42.86,71.43,0.223,0.099
race,123,0.7513,0.858,0.3027,0.3027,0.1031,85.71,71.43,0.154,0.065
race,456,0.75,0.8571,0.335,0.335,0.1039,71.43,71.43,0.25,0.083
