round,class_acc,maxskew,ndkl
0,0.6704999804496765,1.7846835531696037,0.7716025363837775
1,0.17949999868869781,0.18824966007356533,0.17627472774184527
2,0.17149999737739563,0.06849940519318531,0.13430623113428697
3,0.16850000619888306,0.06379526313331971,0.10948848738540529
4,0.15700000524520874,0.09362371521345819,0.0787765054456991
5,0.1589999943971634,0.06360534984776323,0.07381206036431188
6,0.15950000286102295,0.07547841690316093,0.06258211793968108
7,0.15950000286102295,0.06000320414939986,0.06269403111469386
8,0.16200000047683716,0.048421853736524745,0.06076432951433229
9,0.16050000488758087,0.06336050820390512,0.056137518267138364
10,0.16249999403953552,0.050498615794015295,0.05823357397854756
