backbone,attribute,method,RBS_centered
ViT-B_32,gender,Baseline,0.1982
ViT-B_32,gender,FairCLIP,0.0234
ViT-B_32,age,Baseline,0.3362
ViT-B_32,age,FairCLIP,0.0017
ViT-B_32,race,Baseline,0.3042
ViT-B_32,race,FairCLIP,0.0014
ViT-B_16,gender,Baseline,0.2037
ViT-B_16,gender,FairCLIP,0.0013
ViT-B_16,age,Baseline,0.3369
ViT-B_16,age,FairCLIP,0.001
ViT-B_16,race,Baseline,0.3101
ViT-B_16,race,FairCLIP,0.0017
ViT-L_14,gender,Baseline,0.201
ViT-L_14,gender,FairCLIP,0.0008
ViT-L_14,age,Baseline,0.3133
ViT-L_14,age,FairCLIP,0.0013
ViT-L_14,race,Baseline,0.2813
ViT-L_14,race,FairCLIP,0.0011
ViT-H_14,gender,Baseline,0.2155
ViT-H_14,gender,FairCLIP,0.0118
ViT-H_14,age,Baseline,0.3281
ViT-H_14,age,FairCLIP,0.0016
ViT-H_14,race,Baseline,0.2985
ViT-H_14,race,FairCLIP,0.0011
