backbone,attribute,k,round,MaxSkew,NDKL,Zhang_MS,Zhang_ND,beats
ViT-B_32,gender,1,1,0.0627,0.0112,0.09,0.03,BOTH
ViT-B_32,gender,1,2,0.0366,0.0112,0.09,0.03,BOTH
ViT-B_32,gender,1,3,0.058,0.0108,0.09,0.03,BOTH
ViT-B_32,gender,1,4,0.0704,0.012,0.09,0.03,BOTH
ViT-B_32,gender,1,5,0.0418,0.0117,0.09,0.03,BOTH
ViT-B_32,gender,1,6,0.0449,0.0138,0.09,0.03,BOTH
ViT-B_32,gender,1,7,0.0664,0.0128,0.09,0.03,BOTH
ViT-B_32,gender,1,8,0.0697,0.0129,0.09,0.03,BOTH
ViT-B_32,gender,2,1,0.0599,0.0112,0.09,0.03,BOTH
ViT-B_32,gender,2,2,0.0293,0.0121,0.09,0.03,BOTH
ViT-B_32,gender,2,3,0.0692,0.0111,0.09,0.03,BOTH
ViT-B_32,gender,2,4,0.0856,0.0135,0.09,0.03,BOTH
ViT-B_32,gender,2,5,0.0667,0.0131,0.09,0.03,BOTH
ViT-B_32,gender,2,6,0.0669,0.0128,0.09,0.03,BOTH
ViT-B_32,gender,2,7,0.0787,0.0148,0.09,0.03,BOTH
ViT-B_32,gender,2,8,0.087,0.0149,0.09,0.03,BOTH
ViT-B_32,age,6,1,1.5595,0.7677,0.572,0.364,-
ViT-B_32,age,6,2,0.285,0.1139,0.572,0.364,BOTH
ViT-B_32,age,6,3,0.4524,0.0939,0.572,0.364,BOTH
ViT-B_32,age,6,4,0.3455,0.089,0.572,0.364,BOTH
ViT-B_32,age,6,5,0.3237,0.0917,0.572,0.364,BOTH
ViT-B_32,age,6,6,0.3033,0.1043,0.572,0.364,BOTH
ViT-B_32,age,6,7,0.3117,0.0836,0.572,0.364,BOTH
ViT-B_32,age,6,8,0.284,0.0888,0.572,0.364,BOTH
ViT-B_32,age,8,1,1.444,0.7297,0.572,0.364,-
ViT-B_32,age,8,2,0.3582,0.0956,0.572,0.364,BOTH
ViT-B_32,age,8,3,0.1809,0.0717,0.572,0.364,BOTH
ViT-B_32,age,8,4,0.3226,0.0789,0.572,0.364,BOTH
ViT-B_32,age,8,5,0.3543,0.0833,0.572,0.364,BOTH
ViT-B_32,age,8,6,0.3221,0.1134,0.572,0.364,BOTH
ViT-B_32,age,8,7,0.3183,0.0956,0.572,0.364,BOTH
ViT-B_32,age,8,8,0.3162,0.0654,0.572,0.364,BOTH
ViT-B_32,race,4,1,2.5806,0.4333,0.353,0.125,-
ViT-B_32,race,4,2,1.3218,0.3336,0.353,0.125,-
ViT-B_32,race,4,3,0.8053,0.3054,0.353,0.125,-
ViT-B_32,race,4,4,0.3713,0.1291,0.353,0.125,-
ViT-B_32,race,4,5,0.2427,0.1246,0.353,0.125,BOTH
ViT-B_32,race,4,6,0.2873,0.138,0.353,0.125,MS
ViT-B_32,race,4,7,0.2512,0.1189,0.353,0.125,BOTH
ViT-B_32,race,4,8,0.2683,0.114,0.353,0.125,BOTH
ViT-B_32,race,6,1,1.2872,0.3463,0.353,0.125,-
ViT-B_32,race,6,2,0.3256,0.1984,0.353,0.125,MS
ViT-B_32,race,6,3,0.2254,0.1537,0.353,0.125,MS
ViT-B_32,race,6,4,0.2159,0.0906,0.353,0.125,BOTH
ViT-B_32,race,6,5,0.2141,0.0664,0.353,0.125,BOTH
ViT-B_32,race,6,6,0.2399,0.0804,0.353,0.125,BOTH
ViT-B_32,race,6,7,0.2489,0.0752,0.353,0.125,BOTH
ViT-B_32,race,6,8,0.2366,0.0925,0.353,0.125,BOTH
ViT-B_16,gender,1,1,0.0526,0.0129,0.08,0.025,BOTH
ViT-B_16,gender,1,2,0.0596,0.012,0.08,0.025,BOTH
ViT-B_16,gender,1,3,0.0794,0.0127,0.08,0.025,BOTH
ViT-B_16,gender,1,4,0.0726,0.0127,0.08,0.025,BOTH
ViT-B_16,gender,1,5,0.0541,0.013,0.08,0.025,BOTH
ViT-B_16,gender,1,6,0.0607,0.0133,0.08,0.025,BOTH
ViT-B_16,gender,1,7,0.0565,0.0132,0.08,0.025,BOTH
ViT-B_16,gender,1,8,0.0447,0.012,0.08,0.025,BOTH
ViT-B_16,gender,2,1,0.053,0.012,0.08,0.025,BOTH
ViT-B_16,gender,2,2,0.0648,0.0117,0.08,0.025,BOTH
ViT-B_16,gender,2,3,0.08,0.0121,0.08,0.025,ND
ViT-B_16,gender,2,4,0.0622,0.0123,0.08,0.025,BOTH
ViT-B_16,gender,2,5,0.0517,0.0129,0.08,0.025,BOTH
ViT-B_16,gender,2,6,0.0624,0.0119,0.08,0.025,BOTH
ViT-B_16,gender,2,7,0.0594,0.0117,0.08,0.025,BOTH
ViT-B_16,gender,2,8,0.0462,0.0113,0.08,0.025,BOTH
ViT-B_16,age,6,1,1.3878,0.6884,0.608,0.294,-
ViT-B_16,age,6,2,0.4389,0.0922,0.608,0.294,BOTH
ViT-B_16,age,6,3,0.3669,0.0882,0.608,0.294,BOTH
ViT-B_16,age,6,4,0.3806,0.0899,0.608,0.294,BOTH
ViT-B_16,age,6,5,0.4509,0.0915,0.608,0.294,BOTH
ViT-B_16,age,6,6,0.492,0.1079,0.608,0.294,BOTH
ViT-B_16,age,6,7,0.4246,0.0921,0.608,0.294,BOTH
ViT-B_16,age,6,8,0.3018,0.0801,0.608,0.294,BOTH
ViT-B_16,age,8,1,1.3476,0.6292,0.608,0.294,-
ViT-B_16,age,8,2,0.4142,0.0939,0.608,0.294,BOTH
ViT-B_16,age,8,3,0.3456,0.0847,0.608,0.294,BOTH
ViT-B_16,age,8,4,0.3482,0.0917,0.608,0.294,BOTH
ViT-B_16,age,8,5,0.4517,0.0859,0.608,0.294,BOTH
ViT-B_16,age,8,6,0.4092,0.0715,0.608,0.294,BOTH
ViT-B_16,age,8,7,0.4131,0.0664,0.608,0.294,BOTH
ViT-B_16,age,8,8,0.4177,0.0769,0.608,0.294,BOTH
ViT-B_16,race,4,1,1.7555,0.7489,0.353,0.125,-
ViT-B_16,race,4,2,0.4746,0.2817,0.353,0.125,-
ViT-B_16,race,4,3,0.369,0.1566,0.353,0.125,-
ViT-B_16,race,4,4,0.3806,0.1761,0.353,0.125,-
ViT-B_16,race,4,5,0.3396,0.0928,0.353,0.125,BOTH
ViT-B_16,race,4,6,0.4588,0.1156,0.353,0.125,ND
ViT-B_16,race,4,7,0.4812,0.0974,0.353,0.125,ND
ViT-B_16,race,4,8,0.3626,0.0849,0.353,0.125,ND
ViT-B_16,race,6,1,0.9854,0.3925,0.353,0.125,-
ViT-B_16,race,6,2,0.4332,0.1421,0.353,0.125,-
ViT-B_16,race,6,3,0.3699,0.1204,0.353,0.125,ND
ViT-B_16,race,6,4,0.3605,0.132,0.353,0.125,-
ViT-B_16,race,6,5,0.3382,0.1252,0.353,0.125,MS
ViT-B_16,race,6,6,0.4014,0.132,0.353,0.125,-
ViT-B_16,race,6,7,0.3724,0.1282,0.353,0.125,-
ViT-B_16,race,6,8,0.4153,0.1152,0.353,0.125,ND
ViT-L_14,gender,1,1,2.1424,0.5111,0.106,0.035,-
ViT-L_14,gender,1,2,0.1619,0.0682,0.106,0.035,-
ViT-L_14,gender,1,3,0.1329,0.0597,0.106,0.035,-
ViT-L_14,gender,1,4,0.1202,0.0423,0.106,0.035,-
ViT-L_14,gender,1,5,0.1294,0.0443,0.106,0.035,-
ViT-L_14,gender,1,6,0.1244,0.0467,0.106,0.035,-
ViT-L_14,gender,1,7,0.105,0.0425,0.106,0.035,MS
ViT-L_14,gender,1,8,0.0942,0.0401,0.106,0.035,MS
ViT-L_14,gender,2,1,2.1574,0.515,0.106,0.035,-
ViT-L_14,gender,2,2,0.1603,0.0638,0.106,0.035,-
ViT-L_14,gender,2,3,0.1339,0.0572,0.106,0.035,-
ViT-L_14,gender,2,4,0.109,0.0406,0.106,0.035,-
ViT-L_14,gender,2,5,0.1171,0.0441,0.106,0.035,-
ViT-L_14,gender,2,6,0.1214,0.0418,0.106,0.035,-
ViT-L_14,gender,2,7,0.1181,0.0412,0.106,0.035,-
ViT-L_14,gender,2,8,0.1205,0.0409,0.106,0.035,-
ViT-L_14,age,6,1,1.0347,0.2385,0.579,0.332,ND
ViT-L_14,age,6,2,0.3372,0.0668,0.579,0.332,BOTH
ViT-L_14,age,6,3,0.3133,0.0592,0.579,0.332,BOTH
ViT-L_14,age,6,4,0.3783,0.0645,0.579,0.332,BOTH
ViT-L_14,age,6,5,0.3516,0.0675,0.579,0.332,BOTH
ViT-L_14,age,6,6,0.3781,0.0601,0.579,0.332,BOTH
ViT-L_14,age,6,7,0.2978,0.0576,0.579,0.332,BOTH
ViT-L_14,age,6,8,0.3211,0.0662,0.579,0.332,BOTH
ViT-L_14,age,8,1,1.0452,0.2387,0.579,0.332,ND
ViT-L_14,age,8,2,0.3255,0.0678,0.579,0.332,BOTH
ViT-L_14,age,8,3,0.4115,0.0633,0.579,0.332,BOTH
ViT-L_14,age,8,4,0.3945,0.0677,0.579,0.332,BOTH
ViT-L_14,age,8,5,0.404,0.0864,0.579,0.332,BOTH
ViT-L_14,age,8,6,0.3855,0.0793,0.579,0.332,BOTH
ViT-L_14,age,8,7,0.384,0.0771,0.579,0.332,BOTH
ViT-L_14,age,8,8,0.3361,0.0705,0.579,0.332,BOTH
ViT-L_14,race,4,1,0.8915,0.3316,0.353,0.125,-
ViT-L_14,race,4,2,0.2299,0.096,0.353,0.125,BOTH
ViT-L_14,race,4,3,0.1831,0.0785,0.353,0.125,BOTH
ViT-L_14,race,4,4,0.1411,0.0728,0.353,0.125,BOTH
ViT-L_14,race,4,5,0.1464,0.0638,0.353,0.125,BOTH
ViT-L_14,race,4,6,0.1866,0.0683,0.353,0.125,BOTH
ViT-L_14,race,4,7,0.1491,0.0632,0.353,0.125,BOTH
ViT-L_14,race,4,8,0.1624,0.0759,0.353,0.125,BOTH
ViT-L_14,race,6,1,0.4419,0.1275,0.353,0.125,-
ViT-L_14,race,6,2,0.2863,0.0832,0.353,0.125,BOTH
ViT-L_14,race,6,3,0.1518,0.0671,0.353,0.125,BOTH
ViT-L_14,race,6,4,0.0998,0.0599,0.353,0.125,BOTH
ViT-L_14,race,6,5,0.1194,0.0626,0.353,0.125,BOTH
ViT-L_14,race,6,6,0.144,0.0622,0.353,0.125,BOTH
ViT-L_14,race,6,7,0.1509,0.0657,0.353,0.125,BOTH
ViT-L_14,race,6,8,0.1905,0.064,0.353,0.125,BOTH
ViT-H_14,gender,1,1,0.4556,0.0512,0.138,0.051,-
ViT-H_14,gender,1,2,0.4058,0.0452,0.138,0.051,ND
ViT-H_14,gender,1,3,0.1172,0.019,0.138,0.051,BOTH
ViT-H_14,gender,1,4,0.059,0.0164,0.138,0.051,BOTH
ViT-H_14,gender,1,5,0.1317,0.0194,0.138,0.051,BOTH
ViT-H_14,gender,1,6,0.1403,0.0203,0.138,0.051,ND
ViT-H_14,gender,1,7,0.1452,0.0188,0.138,0.051,ND
ViT-H_14,gender,1,8,0.0737,0.0142,0.138,0.051,BOTH
ViT-H_14,gender,2,1,0.4542,0.0514,0.138,0.051,-
ViT-H_14,gender,2,2,0.4072,0.0454,0.138,0.051,ND
ViT-H_14,gender,2,3,0.114,0.0189,0.138,0.051,BOTH
ViT-H_14,gender,2,4,0.0563,0.0165,0.138,0.051,BOTH
ViT-H_14,gender,2,5,0.1278,0.019,0.138,0.051,BOTH
ViT-H_14,gender,2,6,0.1362,0.0203,0.138,0.051,BOTH
ViT-H_14,gender,2,7,0.1397,0.019,0.138,0.051,ND
ViT-H_14,gender,2,8,0.0746,0.0151,0.138,0.051,BOTH
ViT-H_14,age,6,1,0.6042,0.1228,0.515,0.289,ND
ViT-H_14,age,6,2,0.301,0.0583,0.515,0.289,BOTH
ViT-H_14,age,6,3,0.3351,0.0563,0.515,0.289,BOTH
ViT-H_14,age,6,4,0.2978,0.0563,0.515,0.289,BOTH
ViT-H_14,age,6,5,0.1924,0.0556,0.515,0.289,BOTH
ViT-H_14,age,6,6,0.2424,0.0564,0.515,0.289,BOTH
ViT-H_14,age,6,7,0.2344,0.0571,0.515,0.289,BOTH
ViT-H_14,age,6,8,0.2347,0.0585,0.515,0.289,BOTH
ViT-H_14,age,8,1,0.6423,0.1246,0.515,0.289,ND
ViT-H_14,age,8,2,0.3121,0.0582,0.515,0.289,BOTH
ViT-H_14,age,8,3,0.2773,0.0597,0.515,0.289,BOTH
ViT-H_14,age,8,4,0.2778,0.0591,0.515,0.289,BOTH
ViT-H_14,age,8,5,0.3285,0.0628,0.515,0.289,BOTH
ViT-H_14,age,8,6,0.3606,0.0621,0.515,0.289,BOTH
ViT-H_14,age,8,7,0.2974,0.0627,0.515,0.289,BOTH
ViT-H_14,age,8,8,0.4075,0.0629,0.515,0.289,BOTH
ViT-H_14,race,4,1,1.6582,0.3656,0.353,0.125,-
ViT-H_14,race,4,2,0.2068,0.0824,0.353,0.125,BOTH
ViT-H_14,race,4,3,0.1923,0.0661,0.353,0.125,BOTH
ViT-H_14,race,4,4,0.2918,0.1166,0.353,0.125,BOTH
ViT-H_14,race,4,5,0.2398,0.0986,0.353,0.125,BOTH
ViT-H_14,race,4,6,0.262,0.0933,0.353,0.125,BOTH
ViT-H_14,race,4,7,0.2937,0.093,0.353,0.125,BOTH
ViT-H_14,race,4,8,0.2581,0.0966,0.353,0.125,BOTH
ViT-H_14,race,6,1,0.4141,0.109,0.353,0.125,ND
ViT-H_14,race,6,2,0.183,0.0658,0.353,0.125,BOTH
ViT-H_14,race,6,3,0.1744,0.0652,0.353,0.125,BOTH
ViT-H_14,race,6,4,0.1553,0.0606,0.353,0.125,BOTH
ViT-H_14,race,6,5,0.1318,0.0664,0.353,0.125,BOTH
ViT-H_14,race,6,6,0.1437,0.0668,0.353,0.125,BOTH
ViT-H_14,race,6,7,0.1569,0.0771,0.353,0.125,BOTH
ViT-H_14,race,6,8,0.1884,0.0758,0.353,0.125,BOTH
