Backbone,Attribute,FairCLIP_MaxSkew,Zhang_MaxSkew,MaxSkew_beats,FairCLIP_NDKL,Zhang_NDKL,NDKL_beats
ViT-B/32,gender,0.067,0.09,YES,0.014,0.03,YES
ViT-B/32,age,0.181,0.572,YES,0.072,0.364,YES
ViT-B/32,race,0.214,0.353,YES,0.066,0.125,YES
ViT-B/16,gender,0.052,0.08,YES,0.013,0.025,YES
ViT-B/16,age,0.346,0.608,YES,0.085,0.294,YES
ViT-B/16,race,0.338,0.353,YES,0.125,0.125,no
ViT-L/14,gender,0.11,0.106,no,0.039,0.035,no
ViT-L/14,age,0.325,0.579,YES,0.068,0.332,YES
ViT-L/14,race,0.099,0.353,YES,0.06,0.125,YES
