backbone,attribute,method,seed,Acc,F1,DPG,EOD,RBS,MaxSkew,NDKL,ABLE
ViT-B_32,gender,Baseline,42,0.967,0.967,0.934,0.0,0.1601,0.169,0.064,90.15
ViT-B_32,gender,FairCLIP,42,0.971,0.971,0.943,0.0,0.5751,0.05,0.011,96.1
ViT-B_32,gender,FairCLIP,123,0.97,0.97,0.94,0.0,0.5677,0.081,0.013,94.57
ViT-B_32,gender,FairCLIP,456,0.973,0.973,0.946,0.0,0.6112,0.11,0.015,93.26
ViT-B_32,age,Baseline,42,0.402,0.388,0.444,0.157,0.2639,0.581,0.253,46.76
ViT-B_32,age,FairCLIP,42,0.486,0.443,0.528,0.185,0.4213,0.228,0.105,60.4
ViT-B_32,age,FairCLIP,123,0.493,0.443,0.537,0.178,0.4135,0.178,0.097,62.06
ViT-B_32,age,FairCLIP,456,0.491,0.447,0.531,0.177,0.4177,0.205,0.095,61.29
ViT-B_32,race,Baseline,42,0.718,0.73,0.538,0.055,0.2246,0.16,0.082,77.91
ViT-B_32,race,FairCLIP,42,0.745,0.746,0.556,0.06,0.3112,0.127,0.051,80.71
ViT-B_32,race,FairCLIP,123,0.727,0.739,0.549,0.058,0.2993,0.058,0.053,82.11
ViT-B_32,race,FairCLIP,456,0.716,0.737,0.549,0.059,0.3263,0.129,0.047,78.89
ViT-B_16,gender,Baseline,42,0.968,0.968,0.937,0.0,0.1598,0.177,0.08,89.83
ViT-B_16,gender,FairCLIP,42,0.975,0.975,0.95,0.0,0.5892,0.066,0.014,95.52
ViT-B_16,gender,FairCLIP,123,0.975,0.975,0.949,0.0,0.5429,0.042,0.015,96.66
ViT-B_16,gender,FairCLIP,456,0.973,0.972,0.944,0.0,0.5201,0.036,0.014,96.84
ViT-B_16,age,Baseline,42,0.426,0.412,0.488,0.154,0.2542,0.566,0.22,48.7
ViT-B_16,age,FairCLIP,42,0.545,0.563,0.553,0.151,0.4263,0.151,0.06,66.75
ViT-B_16,age,FairCLIP,123,0.589,0.58,0.575,0.136,0.4829,0.113,0.069,70.99
ViT-B_16,age,FairCLIP,456,0.577,0.575,0.57,0.137,0.4902,0.188,0.08,68.03
ViT-B_16,race,Baseline,42,0.604,0.648,0.527,0.089,0.2245,0.246,0.097,68.17
ViT-B_16,race,FairCLIP,42,0.718,0.724,0.555,0.074,0.2934,0.142,0.118,78.58
ViT-B_16,race,FairCLIP,123,0.823,0.802,0.59,0.048,0.4227,0.065,0.04,87.63
ViT-B_16,race,FairCLIP,456,0.827,0.803,0.59,0.051,0.426,0.049,0.03,88.53
ViT-L_14,gender,Baseline,42,0.97,0.97,0.941,0.0,0.1533,0.077,0.028,94.75
ViT-L_14,gender,FairCLIP,42,0.974,0.974,0.949,0.0,0.6055,0.063,0.031,95.62
ViT-L_14,gender,FairCLIP,123,0.975,0.975,0.951,0.0,0.6395,0.027,0.015,97.45
ViT-L_14,gender,FairCLIP,456,0.975,0.975,0.951,0.0,0.6358,0.097,0.03,94.04
ViT-L_14,age,Baseline,42,0.437,0.467,0.541,0.122,0.2386,0.511,0.197,50.53
ViT-L_14,age,FairCLIP,42,0.586,0.611,0.62,0.104,0.3979,0.229,0.079,67.5
ViT-L_14,age,FairCLIP,123,0.59,0.608,0.621,0.101,0.396,0.172,0.067,69.39
ViT-L_14,age,FairCLIP,456,0.585,0.61,0.623,0.101,0.4007,0.2,0.074,68.23
ViT-L_14,race,Baseline,42,0.567,0.622,0.527,0.079,0.1952,0.271,0.075,65.05
ViT-L_14,race,FairCLIP,42,0.819,0.777,0.586,0.067,0.2906,0.058,0.042,87.7
ViT-L_14,race,FairCLIP,123,0.69,0.666,0.572,0.113,0.2871,0.075,0.059,79.12
ViT-L_14,race,FairCLIP,456,0.672,0.705,0.556,0.081,0.2948,0.108,0.053,76.84
ViT-H_14,gender,Baseline,42,0.974,0.974,0.949,0.0,0.1806,0.109,0.035,93.37
ViT-H_14,gender,FairCLIP,42,0.974,0.974,0.947,0.0,0.6155,0.071,0.014,95.19
ViT-H_14,gender,FairCLIP,123,0.974,0.974,0.949,0.0,0.5976,0.257,0.094,86.2
ViT-H_14,gender,FairCLIP,456,0.972,0.972,0.944,0.0,0.6129,0.088,0.024,94.3
ViT-H_14,age,Baseline,42,0.461,0.51,0.565,0.138,0.2923,0.61,0.274,49.89
ViT-H_14,age,FairCLIP,42,0.483,0.532,0.568,0.154,0.4217,0.215,0.106,60.38
ViT-H_14,age,FairCLIP,123,0.484,0.54,0.577,0.15,0.4164,0.201,0.109,60.84
ViT-H_14,age,FairCLIP,456,0.493,0.546,0.576,0.148,0.425,0.184,0.104,61.91
ViT-H_14,race,Baseline,42,0.816,0.803,0.579,0.046,0.2388,0.202,0.093,81.63
ViT-H_14,race,FairCLIP,42,0.858,0.822,0.591,0.048,0.2816,0.139,0.05,86.4
ViT-H_14,race,FairCLIP,123,0.855,0.823,0.591,0.045,0.3374,0.14,0.062,86.18
ViT-H_14,race,FairCLIP,456,0.851,0.818,0.589,0.048,0.3473,0.137,0.056,86.14
