Config,Attr,Acc,F1,DPG,EOD,RBS,MaxSkew,NDKL,ABLE
FULL,gender,0.9734,0.9734,0.0029,0.0059,6.87e-05,0.013,0.011,98.02
FULL,age,0.4584,0.3823,0.0326,0.0651,3.86e-04,0.361,0.077,55.31
FULL,race,0.6651,0.6574,0.0089,0.0179,4.56e-05,0.181,0.063,74.02
no_fairloss,gender,0.9733,0.9732,0.0098,0.0195,2.51e-04,0.061,0.011,95.68
no_fairloss,age,0.458,0.3851,0.0349,0.0698,4.18e-03,0.480,0.120,52.64
no_fairloss,race,0.6867,0.688,0.0223,0.0445,2.59e-03,0.132,0.070,77.00
no_temp,gender,0.9734,0.9734,0.0037,0.0075,6.56e-05,0.042,0.015,96.61
no_temp,age,0.4534,0.3805,0.0411,0.0823,2.07e-03,0.177,0.081,58.84
no_temp,race,0.6933,0.6896,0.012,0.0239,4.49e-05,0.242,0.080,73.63
no_trainproj,gender,0.9731,0.973,0.0059,0.0118,1.20e-04,0.066,0.015,95.43
no_trainproj,age,0.4867,0.4593,0.0397,0.0795,1.72e-03,0.150,0.080,62.18
no_trainproj,race,0.7288,0.7309,0.0143,0.0285,3.68e-05,0.183,0.082,77.73
no_procrustes,gender,0.9734,0.9734,0.0031,0.0062,6.85e-05,0.011,0.010,98.12
no_procrustes,age,0.4554,0.3822,0.0418,0.0835,2.38e-03,0.262,0.083,57.22
no_procrustes,race,0.6651,0.6574,0.0089,0.0179,4.56e-05,0.182,0.063,73.99
no_subspace,gender,0.9722,0.9722,0.0052,0.0103,1.18e-04,0.036,0.010,96.84
no_subspace,age,0.4899,0.4637,0.0408,0.0817,1.67e-03,0.199,0.080,61.32
no_subspace,race,0.7168,0.7171,0.0122,0.0244,4.41e-05,0.209,0.069,76.12
