backbone,attribute,method,seed,N,Acc,F1,DPG,MaxSkew,NDKL
ViT-B_32,gender,Baseline,42,43485,0.713,0.672,0.462,0.067,0.014
ViT-B_32,gender,FairCLIP,42,43485,0.823,0.748,0.484,0.02,0.015
ViT-B_32,gender,FairCLIP,123,43485,0.823,0.744,0.47,0.139,0.021
ViT-B_32,gender,FairCLIP,456,43485,0.826,0.749,0.48,0.488,0.06
ViT-B_32,age,Baseline,42,38899,0.1,0.171,0.098,0.676,0.073
ViT-B_32,age,FairCLIP,42,38899,0.275,0.312,0.129,0.096,0.042
ViT-B_32,age,FairCLIP,123,38899,0.187,0.269,0.121,0.074,0.038
ViT-B_32,age,FairCLIP,456,38899,0.279,0.307,0.125,0.09,0.025
ViT-B_16,gender,Baseline,42,43485,0.628,0.61,0.427,0.086,0.024
ViT-B_16,gender,FairCLIP,42,43485,0.839,0.78,0.57,0.263,0.073
ViT-B_16,gender,FairCLIP,123,43485,0.848,0.777,0.527,0.092,0.015
ViT-B_16,gender,FairCLIP,456,43485,0.846,0.776,0.528,0.188,0.019
ViT-B_16,age,Baseline,42,38899,0.046,0.101,0.073,0.841,0.108
ViT-B_16,age,FairCLIP,42,38899,0.239,0.307,0.143,0.121,0.025
ViT-B_16,age,FairCLIP,123,38899,0.228,0.317,0.144,0.255,0.046
ViT-B_16,age,FairCLIP,456,38899,0.235,0.325,0.147,0.143,0.023
ViT-L_14,gender,Baseline,42,43485,0.748,0.711,0.549,0.059,0.02
ViT-L_14,gender,FairCLIP,42,43485,0.848,0.797,0.615,0.055,0.024
ViT-L_14,gender,FairCLIP,123,43485,0.852,0.798,0.606,0.055,0.026
ViT-L_14,gender,FairCLIP,456,43485,0.852,0.796,0.593,0.149,0.045
ViT-L_14,age,Baseline,42,38899,0.097,0.147,0.105,0.51,0.091
ViT-L_14,age,FairCLIP,42,38899,0.175,0.25,0.158,0.208,0.034
ViT-L_14,age,FairCLIP,123,38899,0.162,0.233,0.16,0.143,0.031
ViT-L_14,age,FairCLIP,456,38899,0.168,0.239,0.158,0.157,0.034
ViT-H_14,gender,Baseline,42,43485,0.847,0.794,0.606,0.139,0.02
ViT-H_14,gender,FairCLIP,42,43485,0.847,0.792,0.593,0.041,0.021
ViT-H_14,gender,FairCLIP,123,43485,0.833,0.785,0.617,0.114,0.063
ViT-H_14,gender,FairCLIP,456,43485,0.848,0.775,0.519,0.079,0.036
ViT-H_14,age,Baseline,42,38899,0.043,0.088,0.126,0.466,0.049
ViT-H_14,age,FairCLIP,42,38899,0.245,0.276,0.145,0.093,0.02
ViT-H_14,age,FairCLIP,123,38899,0.269,0.29,0.147,0.064,0.02
ViT-H_14,age,FairCLIP,456,38899,0.251,0.283,0.143,0.098,0.021
