Backbone,Attr,Acc_Base,Acc_FC,F1_Base,F1_FC,DPG_Base,DPG_FC,EOD_Base,EOD_FC,RBS_Base,RBS_FC,MS_Base,MS_FC,NDKL_Base,NDKL_FC,ABLE_Base,ABLE_FC
ViT-B/32,gender,0.967,0.971±0.002,0.967,0.971±0.002,0.0424,0.0121±0.0043,0.0848,0.0243±0.0086,2.57e-02,6.68e-03,0.169,0.080±0.030,0.064,0.013±0.002,90.15,94.64±1.42
ViT-B/32,age,0.402,0.490±0.004,0.388,0.444±0.002,0.0878,0.0531±0.0029,0.1755,0.1061±0.0057,8.04e-02,2.72e-02,0.581,0.204±0.025,0.253,0.099±0.005,46.76,61.25±0.83
ViT-B/32,race,0.718,0.729±0.015,0.73,0.741±0.005,0.0563,0.0333±0.0024,0.1125,0.0667±0.0048,5.42e-02,2.05e-03,0.16,0.105±0.040,0.082,0.050±0.003,77.91,80.57±1.61
ViT-B/16,gender,0.968,0.974±0.001,0.968,0.974±0.002,0.0354,0.0085±0.0069,0.0709,0.0169±0.0138,2.56e-02,2.87e-03,0.177,0.048±0.016,0.08,0.014±0.001,89.83,96.34±0.72
ViT-B/16,age,0.426,0.570±0.023,0.412,0.573±0.009,0.0888,0.0515±0.0065,0.1775,0.1031±0.0129,7.47e-02,2.78e-02,0.566,0.151±0.038,0.22,0.070±0.010,48.7,68.59±2.17
ViT-B/16,race,0.604,0.789±0.062,0.648,0.776±0.045,0.0562,0.0225±0.0051,0.1123,0.0449±0.0102,5.46e-02,4.18e-03,0.246,0.085±0.050,0.097,0.063±0.048,68.17,84.91±5.50
ViT-L/14,gender,0.97,0.975±0.001,0.97,0.975±0.001,0.0269,0.0030±0.0026,0.0538,0.0060±0.0052,2.36e-02,1.38e-03,0.077,0.062±0.035,0.028,0.025±0.009,94.75,95.70±1.71
ViT-L/14,age,0.437,0.587±0.003,0.467,0.610±0.002,0.0819,0.0634±0.0028,0.1638,0.1268±0.0056,6.65e-02,3.65e-02,0.511,0.200±0.029,0.197,0.073±0.006,50.53,68.37±0.95
ViT-L/14,race,0.567,0.727±0.080,0.622,0.716±0.056,0.0491,0.0401±0.0038,0.0982,0.0803±0.0077,4.10e-02,2.32e-03,0.271,0.080±0.025,0.075,0.051±0.009,65.05,81.22±5.73
ViT-H/14,gender,0.974,0.973±0.001,0.974,0.973±0.001,0.0220,0.0003±0.0002,0.0440,0.0006±0.0004,3.27e-02,8.61e-04,0.109,0.139±0.103,0.035,0.044±0.044,93.37,91.90±4.95
ViT-H/14,age,0.461,0.487±0.006,0.51,0.539±0.007,0.0928,0.0486±0.0023,0.1855,0.0971±0.0045,1.01e-01,3.53e-02,0.61,0.200±0.016,0.274,0.106±0.003,49.89,61.04±0.79
ViT-H/14,race,0.816,0.855±0.004,0.803,0.821±0.003,0.0437,0.0266±0.0032,0.0874,0.0532±0.0064,6.07e-02,4.32e-03,0.202,0.139±0.002,0.093,0.056±0.006,81.63,86.24±0.14
