Backbone,Attribute,DPG_seed42,EOD_seed42,RBS_seed42,DPG_mean,DPG_std,EOD_mean,EOD_std
ViT-B/32,gender,0.0029,0.0059,6.87e-05,0.0041,0.0020,0.0083,0.0039
ViT-B/32,age,0.0326,0.0651,3.86e-04,0.0344,0.0024,0.0687,0.0048
ViT-B/32,race,0.0089,0.0179,4.56e-05,0.0116,0.0027,0.0232,0.0053
ViT-B/16,gender,0.0031,0.0061,8.12e-05,0.0051,0.0019,0.0101,0.0038
ViT-B/16,age,0.0340,0.0680,5.13e-04,0.0398,0.0050,0.0797,0.0101
ViT-B/16,race,0.0101,0.0202,4.15e-05,0.0151,0.0043,0.0302,0.0087
ViT-L/14,gender,0.0045,0.0089,1.48e-04,0.0064,0.0019,0.0129,0.0039
ViT-L/14,age,0.0286,0.0572,4.54e-04,0.0332,0.0040,0.0664,0.0080
ViT-L/14,race,0.0135,0.0270,4.57e-05,0.0129,0.0012,0.0259,0.0024
ViT-H/14,gender,0.0025,0.0050,4.14e-04,0.0027,0.0002,0.0053,0.0003
ViT-H/14,age,,,,0.0294,0.0017,0.0588,0.0034
ViT-H/14,race,,,,0.0097,0.0019,0.0195,0.0038
