Backbone,Attribute,Acc_Base,Acc_FairCLIP,MaxSkew_Base,MaxSkew_FairCLIP,MaxSkew_Zhang,NDKL_Base,NDKL_FairCLIP,NDKL_Zhang,ABLE_Base,ABLE_FairCLIP,ABLE_Zhang
ViT-B/32,gender,0.944,0.973,0.280,0.029,0.080,0.072,0.012,0.025,83.94,97.23,78.35
ViT-B/32,age,0.433,0.455,2.021,0.181,0.608,0.177,0.072,0.294,20.29,58.92,60.61
ViT-B/32,race,0.633,0.666,0.774,0.214,0.353,0.170,0.066,0.125,53.36,72.97,69.14
ViT-B/16,gender,0.931,0.979,0.188,0.045,0.080,0.044,0.012,0.025,87.69,96.74,78.35
ViT-B/16,age,0.355,0.521,2.043,0.302,0.608,0.208,0.080,0.294,18.99,61.10,60.61
ViT-B/16,race,0.616,0.660,0.984,0.340,0.353,0.157,0.093,0.125,46.52,68.52,69.14
ViT-L/14,gender,0.949,0.979,0.155,0.094,0.080,0.037,0.040,0.025,90.04,94.31,78.35
ViT-L/14,age,0.473,0.578,2.077,0.298,0.608,0.180,0.058,0.294,19.81,64.98,60.61
ViT-L/14,race,0.619,0.713,0.573,0.100,0.353,0.157,0.060,0.125,58.99,79.76,69.14
ViT-H/14,gender,0.966,0.978,0.103,0.056,0.080,0.018,0.017,0.025,93.27,96.13,78.35
ViT-H/14,age,0.443,0.490,1.928,0.192,0.608,0.154,0.056,0.294,21.90,61.51,60.61
ViT-H/14,race,0.696,0.742,0.483,0.132,0.353,0.104,0.066,0.125,65.42,80.35,69.14
