Backbone,Attr,Acc_Base,Acc_FC,Acc_win,DPG_FC,EOD_FC,RBS_FC,MS_Base,MS_FC,MS_Zhang,MS_vsBase,MS_vsZhang,NDKL_Base,NDKL_FC,NDKL_Zhang,NDKL_vsBase,NDKL_vsZhang,ABLE_Base,ABLE_FC,ABLE_Zhang,ABLE_vsBase,ABLE_vsZhang,TR@5,IR@5
ViT-B/32,gender,0.944,0.973,WIN,0.0029,0.0059,6.87e-05,0.280,0.029,0.09,WIN,WIN,0.072,0.012,0.03,WIN,WIN,83.94,97.23,74.24,WIN,WIN,76.7,74.8
ViT-B/32,age,0.433,0.455,WIN,0.0326,0.0651,3.86e-04,2.021,0.181,0.572,WIN,WIN,0.177,0.072,0.364,WIN,WIN,20.29,58.92,59.6,WIN,LOSS,77.6,74.7
ViT-B/32,race,0.633,0.666,WIN,0.0089,0.0179,4.56e-05,0.774,0.214,0.353,WIN,WIN,0.170,0.066,0.125,WIN,WIN,53.36,72.97,69.14,WIN,WIN,77.9,75.9
ViT-B/16,gender,0.931,0.979,WIN,0.0031,0.0061,8.12e-05,0.188,0.045,0.08,WIN,WIN,0.044,0.012,0.025,WIN,WIN,87.69,96.74,78.35,WIN,WIN,80.6,77.1
ViT-B/16,age,0.355,0.521,WIN,0.0340,0.0680,5.13e-04,2.043,0.302,0.608,WIN,WIN,0.208,0.080,0.294,WIN,WIN,18.99,61.10,60.61,WIN,WIN,79.5,76.3
ViT-B/16,race,0.616,0.660,WIN,0.0101,0.0202,4.15e-05,0.984,0.340,0.353,WIN,WIN,0.157,0.093,0.125,WIN,WIN,46.52,68.52,69.14,WIN,LOSS,81.6,78.6
ViT-L/14,gender,0.949,0.979,WIN,0.0045,0.0089,1.48e-04,0.155,0.094,0.106,WIN,WIN,0.037,0.040,0.035,LOSS,LOSS,90.04,94.31,82.04,WIN,WIN,80.2,79.5
ViT-L/14,age,0.473,0.578,WIN,0.0286,0.0572,4.54e-04,2.077,0.298,0.579,WIN,WIN,0.180,0.058,0.332,WIN,WIN,19.81,64.98,64.25,WIN,WIN,80.5,78.1
ViT-L/14,race,0.619,0.713,WIN,0.0135,0.0270,4.57e-05,0.573,0.100,0.353,WIN,WIN,0.157,0.060,0.125,WIN,WIN,58.99,79.76,69.14,WIN,WIN,81.6,79.8
ViT-H/14,gender,0.966,0.978,WIN,0.0025,0.0050,4.14e-04,0.103,0.056,0.138,WIN,WIN,0.018,0.017,0.051,WIN,WIN,93.27,96.13,82.11,WIN,WIN,77.2,65.8
ViT-H/14,age,0.443,0.490,WIN,0.0274,0.0549,7.91e-04,1.928,0.192,0.515,WIN,WIN,0.154,0.056,0.289,WIN,WIN,21.90,61.51,67.62,WIN,LOSS,85.7,83.8
ViT-H/14,race,0.696,0.742,WIN,0.0082,0.0164,3.02e-05,0.483,0.132,0.353,WIN,WIN,0.104,0.066,0.125,WIN,WIN,65.42,80.35,69.14,WIN,WIN,88.8,86.4
