config,attribute,Acc,F1,MaxSkew,NDKL,ABLE
FULL,gender,0.973,0.973,0.03,0.013,97.17
FULL,age,0.458,0.382,0.197,0.088,58.83
FULL,race,0.665,0.657,0.136,0.057,75.5
no_fairloss,gender,0.973,0.973,0.027,0.011,97.34
no_fairloss,age,0.458,0.385,0.27,0.112,57.24
no_fairloss,race,0.687,0.688,0.145,0.065,76.55
no_temp,gender,0.973,0.973,0.032,0.011,97.1
no_temp,age,0.453,0.381,0.179,0.062,58.8
no_temp,race,0.693,0.69,0.145,0.06,76.98
no_trainproj,gender,0.973,0.973,0.069,0.016,95.29
no_trainproj,age,0.487,0.459,0.252,0.089,59.85
no_trainproj,race,0.729,0.731,0.119,0.071,80.03
no_procrustes,gender,0.973,0.973,0.036,0.011,96.92
no_procrustes,age,0.455,0.382,0.137,0.072,59.83
no_procrustes,race,0.665,0.657,0.136,0.057,75.5
no_subspace,gender,0.972,0.972,0.045,0.011,96.43
no_subspace,age,0.49,0.464,0.21,0.085,61.06
no_subspace,race,0.717,0.717,0.149,0.074,78.24
