Model,Attribute,Accuracy,F1,DPG↓,EOD↓,RBS↓,MaxSkew↓,NDKL↓,ABLE↑,TR@5↑,IR@5↑
Baseline CLIP,Age,0.437,0.608,0.818,0.818,0.059,20.83,1.664,0.0,66.67,44.44
FairCLIP λ=0.1,Age,0.585,0.738,0.396,0.396,0.2,20.83,1.663,0.0,66.67,44.44
FairCLIP λ=0.5,Age,0.578,0.733,0.39,0.39,0.15,20.83,1.723,0.0,55.56,66.67
FairCLIP λ=0.5 b126,Age,0.181,0.306,0.851,0.851,0.041,20.83,1.723,0.0,55.56,66.67
Baseline CLIP,Gender,0.944,0.971,0.002,0.002,0.017,22.33,0.478,0.0,100.0,100.0
FairCLIP λ=0.5,Gender,0.569,0.725,0.794,0.794,0.042,22.33,0.655,0.0,100.0,100.0
FairCLIP λ=0.01,Gender,0.651,0.789,0.137,0.137,0.077,22.33,0.655,0.0,100.0,100.0
Baseline CLIP,Race,0.362,0.532,0.674,0.674,0.041,21.08,1.407,0.0,85.71,85.71
FairCLIP (racial prompts),Race,0.573,0.728,0.702,0.702,0.108,21.08,1.407,0.0,71.43,85.71
FairCLIP (COCO),Race,0.747,0.855,0.264,0.264,0.101,21.08,1.712,0.0,42.86,57.14
